Date,Close,volatility_30d,volatility_90d,norm_vol_30d,norm_vol_90d,price_range_pct_30d,price_range_pct_90d
2024-10-01 00:00:00+00:00,2448.921142578125,0.5601810282760609,0.689089486794322,0.7732247891066412,0.9379432110196201,23.569739983357227,58.70051394801661
2024-10-02 00:00:00+00:00,2365.231689453125,0.5488998025350408,0.677422536233208,0.7576531739426839,0.9220629265546727,24.403712679690283,60.77752565573722
2024-10-03 00:00:00+00:00,2349.791259765625,0.52545361293005,0.6760477754573784,0.7252901089733734,0.9201916927582262,24.56406897013895,61.176893517698396
2024-10-04 00:00:00+00:00,2414.7939453125,0.5330532829181439,0.67571792838145,0.7357800272805106,0.9197427266493672,23.902840522835113,59.53010192300149
2024-10-05 00:00:00+00:00,2415.6318359375,0.5195189663957659,0.669880021312035,0.7170984430952622,0.9117965521578739,23.894549538386656,59.50945319931582
2024-10-06 00:00:00+00:00,2439.957763671875,0.469864653270976,0.667131080015332,0.6485599816762688,0.9080548743697993,20.73670308594089,58.916154954734644
2024-10-07 00:00:00+00:00,2421.796630859375,0.4660829852518774,0.6663482565513915,0.6433400986225039,0.9069893466444445,19.991614648014316,59.357969143961206
2024-10-08 00:00:00+00:00,2439.8408203125,0.465602450571034,0.6659781097563277,0.6426768106700413,0.9064855272129134,19.441946175887978,58.91897884923814
2024-10-09 00:00:00+00:00,2368.283447265625,0.46968674879117756,0.6682277567751561,0.6483144179264635,0.909547598524314,20.029382023937146,60.699208050233345
2024-10-10 00:00:00+00:00,2383.85791015625,0.4679905801536832,0.667930936553311,0.6459731754158915,0.9091435863933671,19.898524028699704,60.30264181227047
2024-10-11 00:00:00+00:00,2436.513427734375,0.46765544555524047,0.6689715638621693,0.6455105849922195,0.9105600197278616,19.468496814465873,58.99944077926572
2024-10-12 00:00:00+00:00,2476.523193359375,0.46976253029291554,0.6683723991803563,0.6484190200688814,0.9097444762369812,19.153971193746273,58.04626828166338
2024-10-13 00:00:00+00:00,2467.677001953125,0.455674295717382,0.649192183384387,0.6289728559564055,0.883637630121231,19.222634837827556,58.25435402352981
2024-10-14 00:00:00+00:00,2628.89990234375,0.5066686192324688,0.663377796048494,0.6993609502603728,0.9029461515069657,18.04376570745806,54.681781363885165
2024-10-15 00:00:00+00:00,2606.02197265625,0.4839587526628276,0.6629351415313549,0.6680142410671134,0.9023436393410795,18.20216959180144,55.16182564684073
2024-10-16 00:00:00+00:00,2611.10205078125,0.48093041943460524,0.662433995174063,0.6638341953255733,0.9016615119359208,17.780793288573786,55.054504531712446
2024-10-17 00:00:00+00:00,2604.2734375,0.47818862850860483,0.6603763216767585,0.6600496674613301,0.8988607423344717,17.256370613804833,55.19886184666428
2024-10-18 00:00:00+00:00,2641.55224609375,0.478760035586962,0.661137696890861,0.6608383877059562,0.8998970761151946,15.787679215453004,54.41986994581599
2024-10-19 00:00:00+00:00,2648.656982421875,0.46062748108510665,0.6610490612075138,0.6358097988695767,0.8997764310624944,15.745330470861605,54.273894521462495
2024-10-20 00:00:00+00:00,2746.364013671875,0.45850832576702905,0.6638692274148646,0.6328847026217665,0.9036150555065227,16.21813180370673,51.59496660490473
2024-10-21 00:00:00+00:00,2665.712158203125,0.46645247393846667,0.6655327872189459,0.6438501084181667,0.9058793835136468,17.050667946910075,51.209840094435656
2024-10-22 00:00:00+00:00,2620.197509765625,0.4683367926242382,0.6613665819046852,0.6464510567632031,0.9002086193166724,17.346849877598792,48.6253263387658
2024-10-23 00:00:00+00:00,2509.098876953125,0.48291781506261494,0.6597147701839716,0.6665774220465289,0.8979602820266444,18.114938900597036,50.778373126168056
2024-10-24 00:00:00+00:00,2534.49853515625,0.48446917612497287,0.6565549955419637,0.6687187848734021,0.8936594049553507,17.933398745784007,50.26949403090517
2024-10-25 00:00:00+00:00,2435.93408203125,0.493284110700869,0.6605725463094619,0.6808861478942669,0.89912783037689,18.659032355120768,52.30353313917815
2024-10-26 00:00:00+00:00,2479.603271484375,0.4919286834301128,0.6615690151504644,0.679015234898864,0.9004841581141754,18.33042139210975,51.382396712238666
2024-10-27 00:00:00+00:00,2505.940673828125,0.48517523592981593,0.6611529789551593,0.6696933679387669,0.8999178770543088,18.137768912992204,49.5932078587084
2024-10-28 00:00:00+00:00,2565.34814453125,0.4930749577104347,0.6629257691009516,0.6805974514394488,0.9023308822062864,17.717740552469024,47.75532454114929
2024-10-29 00:00:00+00:00,2637.95751953125,0.5030733026527462,0.665254465430254,0.694398290399001,0.9055005502311992,17.23006246879938,42.427946351871356
2024-10-30 00:00:00+00:00,2657.37255859375,0.49773222325474387,0.6653200460456888,0.6870259325670486,0.905589814244365,17.10417784836886,41.0925052078175
2024-10-31 00:00:00+00:00,2515.79931640625,0.48904048675043343,0.6601980667414669,0.6750286213653491,0.8986181134602955,18.066692583607853,35.48573982742268
2024-11-01 00:00:00+00:00,2511.885498046875,0.47227925444108315,0.6580134524714132,0.651892885481095,0.8956445604420573,18.09484265381682,32.20391764426992
2024-11-02 00:00:00+00:00,2491.068603515625,0.47273293427017804,0.6408697700383851,0.6525191053501496,0.8723097093696095,17.493090794975842,27.99900268704102
2024-11-03 00:00:00+00:00,2456.42529296875,0.4668001373274888,0.6084327259986465,0.6443299924861511,0.8281585420311675,17.739798308764147,27.2410982120193
2024-11-04 00:00:00+00:00,2397.0263671875,0.4749083416230191,0.6095315652256734,0.6555218469760095,0.8296542095935716,18.17939504309335,27.916139585383092
2024-11-05 00:00:00+00:00,2422.650634765625,0.47507797881693753,0.6013371391056416,0.6557559992890499,0.8185004966219213,17.9871123935409,27.62087182361052
2024-11-06 00:00:00+00:00,2724.169189453125,0.6422277641852397,0.5787531299462186,0.8864749115991851,0.7877606312276199,15.996249214814902,24.563717597027548
2024-11-07 00:00:00+00:00,2895.58544921875,0.6738514848596932,0.5884873042318443,0.9301255236602942,0.8010101479610096,20.339918373183586,26.519027567389003
2024-11-08 00:00:00+00:00,2962.296630859375,0.6636754900034195,0.5900441084440324,0.9160794723313034,0.8031291672896915,22.076121556010694,28.116076665666412
2024-11-09 00:00:00+00:00,3131.14453125,0.6852182256774285,0.5983662076553795,0.9458151763403775,0.8144566604619164,25.447183225981913,32.11295165880088
2024-11-10 00:00:00+00:00,3191.331298828125,0.6846404473478861,0.5848913466349331,0.9450176617790834,0.7961155673879876,27.898574423374235,34.4386300994064
2024-11-11 00:00:00+00:00,3374.81298828125,0.7044644666982907,0.5950109369584984,0.9723810004280828,0.8098896870403469,30.51876283075292,36.70324903709219
2024-11-12 00:00:00+00:00,3246.25732421875,0.723490033725242,0.5996568409305935,0.9986422254776377,0.8162133854469898,33.410041762335986,39.83944100289772
2024-11-13 00:00:00+00:00,3192.595947265625,0.7004659236973012,0.5960756886551011,0.9668617621593597,0.8113389569020828,33.97160009124506,40.50906512589057
2024-11-14 00:00:00+00:00,3058.94873046875,0.7191964479636114,0.6027016675982713,0.9927157360439184,0.8203578029085964,35.45583869815875,42.278929313280535
2024-11-15 00:00:00+00:00,3103.04052734375,0.7196220159131339,0.6030784101219648,0.9933031527385408,0.8208706000114003,34.95203875609026,41.67817855061827
2024-11-16 00:00:00+00:00,3133.27392578125,0.7189559820821376,0.6032305254123245,0.9923838180190219,0.82107764932302,34.61478164453646,41.27601997523744
2024-11-17 00:00:00+00:00,3075.66162109375,0.7237154580895843,0.6045338345580001,0.9989533815107409,0.8228516278678576,35.26317460594654,42.04918911152723
2024-11-18 00:00:00+00:00,3207.8564453125,0.7351200005594609,0.6076062157514975,1.0146952122779593,0.82703355073467,33.80998951244275,40.3163543485309
2024-11-19 00:00:00+00:00,3111.384033203125,0.7380709810385488,0.6098677301082154,1.018768487064902,0.830111775084565,34.85831116186001,41.566414100060506
2024-11-20 00:00:00+00:00,3072.18798828125,0.7305598809923981,0.6105122647870936,1.0084008229420791,0.8309890732263969,35.303045642761795,42.09673289582493
2024-11-21 00:00:00+00:00,3361.053955078125,0.7880091846745142,0.6294700259232806,1.0876988060612727,0.8567931287149484,32.2689234457459,38.47872687465719
2024-11-22 00:00:00+00:00,3331.600830078125,0.768823117713887,0.629891482753605,1.0612160409717952,0.8573667879860825,32.55419790818524,38.818899305354286
2024-11-23 00:00:00+00:00,3396.223388671875,0.7694834048064334,0.6304667535375894,1.0621274433972847,0.8581498086774099,33.56059346423327,39.70609156209603
2024-11-24 00:00:00+00:00,3363.659912109375,0.7523797514489691,0.6284923823928859,1.038519059512922,0.8554624247502184,33.88549242169381,40.09048487644865
2024-11-25 00:00:00+00:00,3413.5439453125,0.7521263765204461,0.6039460759923023,1.0381693229710132,0.8220516096307785,34.735181459197605,40.84949687724308
2024-11-26 00:00:00+00:00,3326.517333984375,0.7630892553906392,0.6048282523170401,1.0533015200189813,0.8232523699247125,35.64390515811812,41.91818010680775
2024-11-27 00:00:00+00:00,3657.249267578125,0.8232473332794729,0.6348421913471385,1.1363384576171804,0.8641053663623729,36.29588280927228,42.00276326722404
2024-11-28 00:00:00+00:00,3579.8115234375,0.829552501022549,0.6368681454396258,1.145041558494098,0.866862961599714,37.08102785613877,42.91135837447797
2024-11-29 00:00:00+00:00,3593.494384765625,0.8298453857359759,0.6365855355300204,1.145445830879882,0.8664782916095878,36.93983532660238,42.747965836972234
2024-11-30 00:00:00+00:00,3705.705322265625,0.7992622917069335,0.6339427617961565,1.1032316086246057,0.8628811221135475,37.24949960697876,42.881756508139866
2024-12-01 00:00:00+00:00,3711.1650390625,0.7985990897438028,0.6286751178021477,1.1023161827672627,0.8557111521503814,37.397345110155086,43.02131606140992
2024-12-02 00:00:00+00:00,3644.198486328125,0.8027267135890391,0.6217934060814405,1.1080135929188817,0.8463442195352013,38.465657066625255,44.192975283046
2024-12-03 00:00:00+00:00,3620.711669921875,0.7999275855158994,0.6220724923598194,1.10414992188258,0.8467240933906449,38.715175920328704,44.47964607916086
2024-12-04 00:00:00+00:00,3841.3310546875,0.8041033573208849,0.6273176180009016,1.1099137912574568,0.8538634128553553,39.4283381589481,45.409026463045976
2024-12-05 00:00:00+00:00,3811.00830078125,0.8084433261268807,0.6131491565764292,1.1159043037799405,0.834578236607058,40.270930800921725,45.51133287934764
2024-12-06 00:00:00+00:00,4005.810546875,0.7203333732067361,0.6188836428259733,0.9942850479930404,0.8423836414920851,34.73906922317435,46.16445836736187
2024-12-07 00:00:00+00:00,4002.692626953125,0.6994034393816243,0.6190325212375304,0.9653952019414126,0.8425862849775299,30.071950467425218,45.9554905331366
2024-12-08 00:00:00+00:00,4005.70458984375,0.699087856364489,0.6178065354830207,0.9649595988067955,0.8409175539385488,28.359299109924162,45.92093575531867
2024-12-09 00:00:00+00:00,3718.6904296875,0.735036345213794,0.6373048433646178,1.014579741771559,0.8674573660448001,28.962563475938037,49.465183134498744
2024-12-10 00:00:00+00:00,3631.833740234375,0.7407064464419041,0.6377550682318647,1.0224062524975845,0.8680701824725051,29.655214230769566,50.6481618602754
2024-12-11 00:00:00+00:00,3832.822021484375,0.7388227251901797,0.6455889353387846,1.0198061287981393,0.8787331262697576,28.10013275165758,47.99223707594999
2024-12-12 00:00:00+00:00,3883.1015625,0.7226824017403802,0.6432691626275093,0.9975274410782226,0.8755756044858001,27.736283968799103,47.370819476216056
2024-12-13 00:00:00+00:00,3911.205322265625,0.7178197904173277,0.6425353597122061,0.9908155186371042,0.874576800301692,27.536986361738485,47.03043894879102
2024-12-14 00:00:00+00:00,3868.4052734375,0.6989357908517344,0.6365417424039791,0.9647497009021986,0.8664186832915871,27.841655670550207,47.55078388194425
2024-12-15 00:00:00+00:00,3951.941162109375,0.7001497164695955,0.6363036937937743,0.9664252974191859,0.8660946672064297,26.836655814231918,46.2906474400591
2024-12-16 00:00:00+00:00,3987.48095703125,0.7001409084073075,0.6357184988754374,0.966413139542069,0.8652981384372408,26.9431329327714,45.85077735358503
2024-12-17 00:00:00+00:00,3886.76611328125,0.7038868433020304,0.638810376240214,0.971583699723111,0.8695065982079571,27.641290049606184,46.20622085384136
2024-12-18 00:00:00+00:00,3618.791259765625,0.7420588045557542,0.6525734389916883,1.0242729290978194,0.8882399724909338,29.688153247928884,49.6278344192562
2024-12-19 00:00:00+00:00,3417.927978515625,0.7621083450645321,0.6599797570183833,1.051947557385918,0.8983209646478555,31.432853520466995,52.544341064639845
2024-12-20 00:00:00+00:00,3472.553466796875,0.7608428729756183,0.6594778644470587,1.0502008106385639,0.8976378215453173,30.84499337332749,51.71778495412441
2024-12-21 00:00:00+00:00,3337.222412109375,0.7039401248359182,0.6642758470116313,0.9716572448821293,0.9041685193128406,30.22729169816983,53.81504474674311
2024-12-22 00:00:00+00:00,3277.53515625,0.7061526140852615,0.6641221471273091,0.97471117110753,0.9039593131563148,30.77776148949585,54.79507156316258
2024-12-23 00:00:00+00:00,3415.785400390625,0.7183517101051409,0.6687993545063872,0.9915497339490663,0.9103256196982206,29.53206466101882,52.57729991379493
2024-12-24 00:00:00+00:00,3492.0498046875,0.721124359858053,0.6667369855293452,0.9953768566330669,0.9075184589190991,28.887100973500353,51.429041245753815
2024-12-25 00:00:00+00:00,3493.2353515625,0.71963238594265,0.6659246238117049,0.9933174666183062,0.9064127256688392,28.877297164469383,51.41158707132899
2024-12-26 00:00:00+00:00,3331.225830078125,0.73303587835566,0.6721703143797672,1.0118184726702903,0.9149139481932105,30.281704230821916,53.911917893986825
2024-12-27 00:00:00+00:00,3328.9169921875,0.6408041018742837,0.6719186242376808,0.8845098129353911,0.9145713641535834,30.302706720906496,53.949309597980054
2024-12-28 00:00:00+00:00,3397.90234375,0.6421680897665808,0.6725545193402455,0.886392542262393,0.9154369026733276,29.687491018700644,52.854012643370275
2024-12-29 00:00:00+00:00,3349.513427734375,0.6434843907557772,0.6716643228387925,0.8882094487683211,0.9142252258432318,30.116372866948737,53.61757082400393
2024-12-30 00:00:00+00:00,3356.392578125,0.6325997329739442,0.6594595642426236,0.8731852212543036,0.8976129125126895,30.054647352620613,53.507678037420426
2024-12-31 00:00:00+00:00,3332.53173828125,0.6325850408392653,0.6552586954845757,0.8731649415194228,0.8918949667197195,30.269837839421832,53.89079160882194
2025-01-01 00:00:00+00:00,3353.504150390625,0.6310168959321314,0.6548913538477084,0.8710004117443986,0.8913949654847166,30.080533909805894,52.99444457912749
2025-01-02 00:00:00+00:00,3451.392578125,0.640200199153938,0.6551196999405969,0.8836762385549497,0.8917057751425218,29.227389533097202,51.49141565932682
2025-01-03 00:00:00+00:00,3605.009765625,0.6225059943936652,0.6599771174281697,0.859252709278572,0.8983173718115575,27.981947864435615,49.29725615124352
2025-01-04 00:00:00+00:00,3657.706787109375,0.6245880572699223,0.6601828298162451,0.8621266063710086,0.8985973739615186,27.578808577004608,48.58702465437282
2025-01-05 00:00:00+00:00,3634.103759765625,0.5959312830768633,0.6601087483209042,0.8225713071669359,0.8984965391106773,27.757929322030627,48.902591007806436
2025-01-06 00:00:00+00:00,3688.611328125,0.599125365281289,0.660393972931444,0.8269801382666019,0.8988847680594544,27.347743185448874,48.17994470945992
2025-01-07 00:00:00+00:00,3381.577392578125,0.6621615138582596,0.6805638648098992,0.9139897123671783,0.9263386960571158,29.830810773073107,52.554494311974906
2025-01-08 00:00:00+00:00,3326.329345703125,0.618814724616033,0.6818520359633555,0.8541576040335248,0.9280920697642616,30.326280060874982,52.53170266087667
2025-01-09 00:00:00+00:00,3219.4306640625,0.6231581600865569,0.6847982354986882,0.8601529016358546,0.9321022424710458,31.333240513156046,54.27597683378242
2025-01-10 00:00:00+00:00,3267.489990234375,0.5902138000169321,0.6846913284008053,0.8146793947134898,0.9319567275726316,30.87238082258495,53.47766777032764
2025-01-11 00:00:00+00:00,3282.2177734375,0.5876761874730203,0.6845322023865202,0.8111766967907504,0.9317401357254833,30.733852009719755,53.237705783800074
2025-01-12 00:00:00+00:00,3265.951171875,0.5859855386616305,0.6731606465548359,0.8088430733642962,0.9162619231051209,30.886926963634615,53.502864845437095
2025-01-13 00:00:00+00:00,3135.499755859375,0.5979671211139618,0.6783118297221608,0.8253813995432079,0.9232733742636451,37.83648175228745,55.7288335979261
2025-01-14 00:00:00+00:00,3223.6845703125,0.6022463872645175,0.6802428868698184,0.8312881234409762,0.9259018020316586,36.80145396029691,54.20435539811085
2025-01-15 00:00:00+00:00,3450.53759765625,0.6573632872320979,0.6935378015332823,0.9073666609180467,0.9439979639796396,32.451323467626544,50.640730377583544
2025-01-16 00:00:00+00:00,3308.34521484375,0.666081977898661,0.6990686582052693,0.9194011772826691,0.9515262016991641,29.68622495402916,52.81726446098149
2025-01-17 00:00:00+00:00,3474.107177734375,0.6509670000049553,0.7054308222102467,0.8985377866923464,0.9601859601923931,23.69958193086227,50.297165631654316
2025-01-18 00:00:00+00:00,3305.78955078125,0.643929708137647,0.7098768871814265,0.8888241258482312,0.9662376509167285,24.906270175563495,52.858096819662826
2025-01-19 00:00:00+00:00,3208.96435546875,0.6486384968394576,0.7098625875377866,0.895323725026215,0.9662181871838912,25.65777571040842,54.45300252177471
2025-01-20 00:00:00+00:00,3278.035400390625,0.6395781714010926,0.7097007019478905,0.8828176459683844,0.9659978391842265,25.117144154544857,53.30563059807179
2025-01-21 00:00:00+00:00,3327.40625,0.6383384186669214,0.7039814220095475,0.8811063999639026,0.9582131321281884,24.744465060529507,52.51470094480498
2025-01-22 00:00:00+00:00,3240.224609375,0.6273462244276535,0.706440513466949,0.8659337385500845,0.9615602854108135,25.410240838579984,53.92766403756492
2025-01-23 00:00:00+00:00,3334.714111328125,0.6310187165250124,0.7030180509704691,0.8710029247312286,0.9569018549383418,24.690238787072747,52.399617570524434
2025-01-24 00:00:00+00:00,3309.554931640625,0.6314065291731672,0.7028432413295929,0.8715382273172608,0.956663915571942,24.87793355782046,52.797958562362744
2025-01-25 00:00:00+00:00,3317.26953125,0.6101055712718524,0.7027150836314355,0.8421362521527309,0.9564894757564605,24.820077753611837,52.67517230497126
2025-01-26 00:00:00+00:00,3236.13427734375,0.6162210447043498,0.7038075926446045,0.8505775156308646,0.9579765270488065,25.442358270403343,53.99582624366608
2025-01-27 00:00:00+00:00,3178.92041015625,0.6141803816219421,0.7031852914920864,0.8477607631849842,0.957129491718273,25.90026709453402,54.96763730930788
2025-01-28 00:00:00+00:00,3077.112548828125,0.6218306781844836,0.7065880622689547,0.8583205619778473,0.9617611191193338,26.757190836802046,56.7862700398045
2025-01-29 00:00:00+00:00,3112.9990234375,0.6235798337973711,0.6976878620446518,0.8607349430647112,0.949646752934566,26.448735471942094,56.131641168223844
2025-01-30 00:00:00+00:00,3247.780029296875,0.6428578010175751,0.7023132274145917,0.8873445592170474,0.9559424955490738,25.351128140638735,53.80221029884671
2025-01-31 00:00:00+00:00,3298.26513671875,0.6448602488101057,0.7023102627219522,0.8901085626265194,0.955938460204772,24.96308946745944,52.97868330696461
2025-02-01 00:00:00+00:00,3118.32861328125,0.6630524018958945,0.7112230163417766,0.9152194161240831,0.9680699132444845,26.403531476650855,56.03570560087887
2025-02-02 00:00:00+00:00,2868.69287109375,0.6928957240885991,0.728770983265214,0.9564125221807269,0.9919550497303173,34.457053628008325,60.17912427790382
2025-02-03 00:00:00+00:00,2884.566650390625,0.6900565932759029,0.7286133800150126,0.952493634869157,0.9917405305693175,54.93584738622375,67.52054242062228
2025-02-04 00:00:00+00:00,2735.05126953125,0.7073381942077764,0.693389754336109,0.9763476419873487,0.9437964518884523,57.93899187433108,71.21164676236323
2025-02-05 00:00:00+00:00,2787.779052734375,0.7093021507283379,0.6828154194485155,0.9790585154189233,0.9294033638948945,55.306621753375126,69.86475656733845
2025-02-06 00:00:00+00:00,2688.40087890625,0.6642817339299276,0.6849928275871339,0.9169162783075143,0.9323671084017753,50.82065514012836,72.4473445946989
2025-02-07 00:00:00+00:00,2622.211181640625,0.6663674121436306,0.676591999250897,0.919795165694861,0.9209324543315609,52.10346706699277,74.27605611877276
2025-02-08 00:00:00+00:00,2632.308349609375,0.6612928174740518,0.6753822957654171,0.9127906400234683,0.9192858856444793,51.90360542889565,73.99114351922915
2025-02-09 00:00:00+00:00,2628.72119140625,0.657199712051726,0.6646054068090987,0.9071408760771438,0.904617094397185,51.97443319282691,74.09211198187985
2025-02-10 00:00:00+00:00,2661.166748046875,0.6594383096534334,0.661179249554072,0.9102308399836363,0.8999536348627963,51.34074895742155,73.18876392310226
2025-02-11 00:00:00+00:00,2602.781982421875,0.6616313107106708,0.6617691852183443,0.9132578664168796,0.9007566164230238,52.49240807260486,74.8305106605903
2025-02-12 00:00:00+00:00,2736.902099609375,0.6808802469063603,0.6652268133080421,0.9398274106876726,0.9054629119842139,49.92005156662802,71.16348988537469
2025-02-13 00:00:00+00:00,2675.902587890625,0.6737006374371487,0.6659269704986556,0.9299173071006526,0.9064159198245128,51.05802227763942,72.78572312916101
2025-02-14 00:00:00+00:00,2726.091552734375,0.622573636744606,0.666772566694496,0.8593460768506618,0.9075668896569538,50.118013757927926,71.44569473004425
2025-02-15 00:00:00+00:00,2693.559814453125,0.6107711324066736,0.6662066046389401,0.8430549344038836,0.9067965393934881,50.723319085843954,72.30858725977698
2025-02-16 00:00:00+00:00,2663.31591796875,0.5759167208727124,0.6604922317996191,0.7949449598645425,0.8990185115573506,50.07965942068443,73.12970405379366
2025-02-17 00:00:00+00:00,2743.19970703125,0.5722013155070353,0.6609030024522727,0.7898165399693483,0.899577625507463,46.84318804686233,71.00011872398241
2025-02-18 00:00:00+00:00,2669.3388671875,0.5710357840753463,0.6625788944625017,0.7882077425449899,0.9018587393011284,48.13934315576591,72.96469821683813
2025-02-19 00:00:00+00:00,2715.77099609375,0.5687364796025305,0.6349162070145139,0.7850339841948432,0.8642061116125244,47.069085576706804,71.71720486114545
2025-02-20 00:00:00+00:00,2740.386474609375,0.566345011593755,0.6351314837415285,0.7817330113781961,0.8644991321105343,46.646288253957394,71.07300619361558
2025-02-21 00:00:00+00:00,2659.655517578125,0.5679184606615625,0.6361211732058798,0.7839048625516812,0.8658462322069591,48.06218571428965,73.23035016962169
2025-02-22 00:00:00+00:00,2764.029296875,0.5768222016485995,0.6413632333631873,0.7961948061582131,0.8729813791371147,46.24728745328343,70.46506529544236
2025-02-23 00:00:00+00:00,2821.310302734375,0.5841219912071739,0.6420925860217042,0.8062707958062774,0.8739741259248758,45.30832971402863,69.0344145038022
2025-02-24 00:00:00+00:00,2513.8212890625,0.6869116862706579,0.6759802585952862,0.9481526809040182,0.9200997932536737,50.85041565128413,77.47865997087197
2025-02-25 00:00:00+00:00,2493.592529296875,0.6845118575326472,0.6433977647814808,0.9448401676695893,0.8757506492652543,51.262929255694885,78.10718976517451
2025-02-26 00:00:00+00:00,2331.45263671875,0.7122829756897914,0.6542562605340607,0.9831729849133237,0.8905305183072232,54.82798810006252,83.53912141098661
2025-02-27 00:00:00+00:00,2305.484375,0.707713877927597,0.6542009925606905,0.9768662028638622,0.8904552911830212,55.44555357130755,84.48008019261137
2025-02-28 00:00:00+00:00,2237.9052734375,0.7071654941262694,0.6520632614475073,0.9761092619327564,0.8875455524291718,60.83363697654275,90.74493315849303
2025-03-01 00:00:00+00:00,2216.643310546875,0.68030878927916,0.6519907637751722,0.9390386206698544,0.8874468733738611,61.417151033920746,91.61535529278405
2025-03-02 00:00:00+00:00,2519.694580078125,0.851783646150606,0.7112147093693522,1.1757274825714301,0.968058606340898,49.74751152275109,80.59650009122471
2025-03-03 00:00:00+00:00,2145.573974609375,0.9710713297808807,0.7688837901555821,1.3403817449656652,1.0465539597685307,50.60297981252513,94.64999429353055
2025-03-04 00:00:00+00:00,2170.01513671875,0.9412871669277629,0.7578594608801038,1.2992702972758112,1.0315483690605913,42.52088850366692,97.2430077825188
2025-03-05 00:00:00+00:00,2241.977294921875,0.9511914978723466,0.7618348230522485,1.3129413675536394,1.0369593701455928,39.76322257563563,94.12173767597332
2025-03-06 00:00:00+00:00,2202.476806640625,0.9383592156176399,0.753572697965604,1.2952288099351,1.0257135098007142,39.06395332403317,95.8097711594003
2025-03-07 00:00:00+00:00,2138.987548828125,0.9370484807409549,0.7549155135444978,1.2934195864029883,1.0275412618996964,40.22344647074353,98.65358914488992
2025-03-08 00:00:00+00:00,2201.51025390625,0.9399332119023446,0.758155270384309,1.297401416438824,1.0319510054692747,38.78441047106113,95.85183555411734
2025-03-09 00:00:00+00:00,2015.5091552734375,0.9777431903103243,0.7631495427895223,1.3495909964226525,1.0387488800359643,42.64018686635999,104.97407463643593
2025-03-10 00:00:00+00:00,1861.1513671875,1.0059029524743865,0.7755477971168782,1.3884602637871835,1.0556245670079658,55.76351951575674,123.26717542431889
2025-03-11 00:00:00+00:00,1919.844970703125,1.01600262426135,0.7692101188913064,1.4024009654413507,1.0469981369444983,56.7581547328002,122.1980852488369
2025-03-12 00:00:00+00:00,1908.982666015625,1.0131743729442466,0.7681412584457745,1.3984970952318616,1.0455432745244113,57.081114380985355,122.8934047285954
2025-03-13 00:00:00+00:00,1862.9696044921875,1.0135335029371269,0.7683445168164252,1.3989928067947135,1.045819936427529,58.49094781117413,125.92872091355427
2025-03-14 00:00:00+00:00,1909.467529296875,0.9974416681257321,0.7710610301996973,1.3767810485410088,1.0495174754762482,57.06662000703474,122.86219890888572
2025-03-15 00:00:00+00:00,1937.3946533203125,1.000295075544546,0.7701285602988743,1.3807196420282564,1.0482482588799746,56.24401704805396,121.09116694033956
2025-03-16 00:00:00+00:00,1887.43505859375,0.9966018834150194,0.7703383812413487,1.3756218833371565,1.0485338533235047,57.73277200400365,120.76686335700188
2025-03-17 00:00:00+00:00,1927.0029296875,1.0027328162557405,0.7715809029234749,1.3840844856273171,1.0502250919777418,56.54732342717678,111.14533199273686
2025-03-18 00:00:00+00:00,1932.54345703125,1.003675417736453,0.7614011946764512,1.3853855700881361,1.0363691437686435,56.38520443806724,102.61088156723513
2025-03-19 00:00:00+00:00,2057.7490234375,1.0278528903942394,0.767929340124375,1.4187580340833565,1.0452548252668672,52.95439660961448,96.36743137008308
2025-03-20 00:00:00+00:00,1982.099853515625,1.0306885551024279,0.7694175778730455,1.4226721370880833,1.047280516442686,54.97546337884196,100.045407622248
2025-03-21 00:00:00+00:00,1964.8475341796875,1.026467606165027,0.7664091760186793,1.4168459091595942,1.0431856780372295,55.45817475127875,100.92385507955346
2025-03-22 00:00:00+00:00,1980.037841796875,1.0261778599312268,0.766387151116659,1.4164459688559854,1.043155699191638,55.032714835020194,100.14959492542448
2025-03-23 00:00:00+00:00,2005.2991943359375,1.0263314771263,0.7612675244206933,1.416658008566843,1.0361872006229331,54.33945129880783,98.88798058318503
2025-03-24 00:00:00+00:00,2077.47900390625,1.0245124324013573,0.7637804834365632,1.4141471586757857,1.0396076748772576,52.451484566278474,95.45222234261261
2025-03-25 00:00:00+00:00,2067.76416015625,1.01935098750154,0.7637048354658429,1.407022752559376,1.039504707843332,52.13690507254094,95.90067939758869
2025-03-26 00:00:00+00:00,2009.1893310546875,0.9565622172744457,0.7605530768292071,1.3203546378491706,1.0352147416304427,39.21332763117996,98.69651641484417
2025-03-27 00:00:00+00:00,2002.357421875,0.9565872272415352,0.760512599059547,1.3203891594155075,1.0351596459571266,39.347120874125906,99.03326230702677
2025-03-28 00:00:00+00:00,1895.5029296875,0.9483711389322028,0.7649243437145246,1.309048391289504,1.041164622128129,41.56522170330166,104.61602811959845
2025-03-29 00:00:00+00:00,1827.3203125,0.9541124960677004,0.7671727653744771,1.3169732574241944,1.0442250255617567,43.116140598212034,108.51955534914941
2025-03-30 00:00:00+00:00,1806.2186279296875,0.9507715780579538,0.7670834991794288,1.3123617470496662,1.0441035222980677,43.61985769243532,109.78736722489842
2025-03-31 00:00:00+00:00,1823.47998046875,0.952186464492573,0.7677231055928695,1.314314732263009,1.0449741124096688,43.206945157393776,108.74810248368784
2025-04-01 00:00:00+00:00,1905.491455078125,0.8253305544865326,0.7741606191314473,1.139213953567924,1.0537364317238773,39.956877051357395,104.06763423918817
2025-04-02 00:00:00+00:00,1795.313232421875,0.679210138276252,0.7780215845581963,0.9375221391270222,1.0589917234957014,31.106241389425023,110.45425623330496
2025-04-03 00:00:00+00:00,1815.63720703125,0.6791882615400733,0.771962291701119,0.937491942397993,1.05074421325532,31.28462991723646,109.74443480774792
2025-04-04 00:00:00+00:00,1815.335205078125,0.6652357412097181,0.7708557390836642,0.9182331063336121,1.049238046734037,31.28983447632361,109.76269206049321
2025-04-05 00:00:00+00:00,1805.9732666015625,0.6640135483706485,0.7708634798266998,0.9165460984691267,1.0492485829234834,27.84379878702491,110.3316880634218
2025-04-06 00:00:00+00:00,1576.72802734375,0.7838357506112505,0.8064828045347708,1.0819381635001555,1.0977312610535164,43.94474812016454,137.09840301083352
2025-04-07 00:00:00+00:00,1555.240966796875,0.7714981224613239,0.7920808681977008,1.064908383049251,1.0781282941359216,51.11363464043187,135.6812202691033
2025-04-08 00:00:00+00:00,1472.5531005859375,0.7409244109955803,0.797179454558067,1.0227071116619295,1.0850681539859819,49.93590814343346,143.30009023344226
2025-04-09 00:00:00+00:00,1668.0400390625,0.8540836764045013,0.8445692761665685,1.1789022427261613,1.1495720570362282,42.87571432836887,128.21899298215007
2025-04-10 00:00:00+00:00,1522.518798828125,0.8937610017830611,0.8589764682567904,1.233669344787021,1.1691821777387554,46.97374394205993,140.47407114258166
2025-04-11 00:00:00+00:00,1567.1497802734375,0.9025248415354684,0.8618389921220155,1.2457661809922274,1.1730784566360866,45.635975005941305,136.47349905838803
2025-04-12 00:00:00+00:00,1643.528564453125,0.9192071643578982,0.8691545386342995,1.2687929971374992,1.183035896587776,43.515159851768296,130.13124243062094
2025-04-13 00:00:00+00:00,1596.685791015625,0.9176221808553661,0.8676566582042173,1.266605224841364,1.1809970804292964,44.79178596412093,133.9489680849844
2025-04-14 00:00:00+00:00,1622.7698974609375,0.918097891860406,0.8660541880472856,1.2672618546145638,1.178815903625181,44.07181099121082,131.79589687800964
2025-04-15 00:00:00+00:00,1588.6324462890625,0.9168777999339133,0.8522033795693136,1.2655777466656453,1.1599630956401354,45.01885150979205,134.6280031999196
2025-04-16 00:00:00+00:00,1578.1053466796875,0.9122307516768052,0.8494486400502084,1.2591633685857078,1.1562135256937238,45.31915968322316,135.52606897409535
2025-04-17 00:00:00+00:00,1582.54833984375,0.9122238398735362,0.841668266266744,1.2591538281383252,1.1456233934841265,45.19192646601003,133.09297979456716
2025-04-18 00:00:00+00:00,1588.9246826171875,0.8772210857547508,0.8378812950885789,1.2108390944977712,1.140468817808606,45.01057160577548,129.4890450722012
2025-04-19 00:00:00+00:00,1612.9228515625,0.8741369374057375,0.8378383213828832,1.2065820064559318,1.1404103248315949,44.34087354757383,127.56241852760269
2025-04-20 00:00:00+00:00,1587.5142822265625,0.8747743846439331,0.8360589198593581,1.2074618827484889,1.1379883207078163,45.05056049185089,129.18118585455025
2025-04-21 00:00:00+00:00,1579.7344970703125,0.8733758456092199,0.8348581630259785,1.205531462053055,1.136353929614153,45.27242288863037,129.81736989309712
2025-04-22 00:00:00+00:00,1757.3316650390625,0.9653553826274293,0.8679936547413054,1.3324919525428947,1.1814557779136672,40.69716014679293,116.6979356366995
2025-04-23 00:00:00+00:00,1796.104248046875,0.9594481509356071,0.8669400731061713,1.3243381277102866,1.1800217120036993,39.51435418697939,114.17877206296234
2025-04-24 00:00:00+00:00,1769.8316650390625,0.9602127628682402,0.867115073152197,1.3253935310005018,1.1802599105370446,39.0754577330656,115.87371928648152
2025-04-25 00:00:00+00:00,1786.634521484375,0.9571893882575433,0.8675138904766191,1.3212203296999494,1.180802754404274,36.414655260175,114.78395557289471
2025-04-26 00:00:00+00:00,1821.881103515625,0.960369977209965,0.8681845107602276,1.3256105358972916,1.1817155585527002,34.50582082902006,112.56331554420981
2025-04-27 00:00:00+00:00,1792.864990234375,0.9438687289203236,0.8680894176646067,1.3028336591651035,1.1815861240958383,31.47927950623504,114.38506449515393
2025-04-28 00:00:00+00:00,1798.851806640625,0.9352895507428705,0.8665462940321261,1.2909917136115665,1.1794857258709541,31.374512306230496,114.0043758924455
2025-04-29 00:00:00+00:00,1799.1756591796875,0.9342613885934314,0.8659535364319827,1.2895725287034054,1.1786789032775329,31.368864877965013,113.98385504646326
2025-04-30 00:00:00+00:00,1793.775390625,0.9338443938984997,0.8603549120060345,1.2889969457779369,1.171058424555973,31.463302729817634,114.32701028839966
2025-05-01 00:00:00+00:00,1839.2215576171875,0.924565851945095,0.8615650281452488,1.2761896597703806,1.1727055549201315,30.685861586817143,105.63468816385159
2025-05-02 00:00:00+00:00,1842.7078857421875,0.9007594357621227,0.8558518576140959,1.243329369608265,1.164929163586662,26.381840689483987,96.33078495174344
2025-05-03 00:00:00+00:00,1833.8397216796875,0.9004025229675262,0.8420298747080746,1.2428367184715767,1.1461155910710774,26.509419173437205,83.57753190730233
2025-05-04 00:00:00+00:00,1808.59423828125,0.9019490339836441,0.8420317827955246,1.244971386719748,1.1461181882340064,26.879454136216484,83.01755318100616
2025-05-05 00:00:00+00:00,1819.697509765625,0.901847185800449,0.8366596752132089,1.2448308044151057,1.1388060293166784,26.715443428379302,80.80149395966797
2025-05-06 00:00:00+00:00,1815.0875244140625,0.7745730876724983,0.8353700023324557,1.0691527954925601,1.1370506115572727,26.78329569512059,81.00671475399781
2025-05-07 00:00:00+00:00,1811.606689453125,0.7720115337790966,0.8328544214821931,1.0656170510295493,1.1336265686347038,26.834757324494923,80.80181220782171
2025-05-08 00:00:00+00:00,2206.5146484375,1.042900398163382,0.9434921662326599,1.439528294827785,1.2842193777834456,37.86089752866933,66.34041773494769
2025-05-09 00:00:00+00:00,2345.50732421875,0.9694817340983103,0.9521476721185325,1.338187606420483,1.2960006821556276,43.10763138221987,62.40914364417179
2025-05-10 00:00:00+00:00,2582.422607421875,0.947657607637105,0.97365524443482,1.3080634952339005,1.3252753726365702,42.30684399858834,56.6836361697447
2025-05-11 00:00:00+00:00,2510.23779296875,0.9606619475915702,0.975121310783617,1.3260135462195741,1.327270885563571,42.35577178379087,58.313640215936026
2025-05-12 00:00:00+00:00,2496.397705078125,0.956691562573664,0.9741236828363041,1.3205331747625282,1.32591298012714,43.296923447800026,58.6369324158003
2025-05-13 00:00:00+00:00,2680.129638671875,0.964335890783522,0.9798344292247494,1.3310847353644997,1.3336860718772625,44.65665787104551,54.61717276786784
2025-05-14 00:00:00+00:00,2610.063232421875,0.9768577761013749,0.9802415665984007,1.34836884825906,1.3342402404473637,45.855453169677645,56.08335526024714
2025-05-15 00:00:00+00:00,2546.85693359375,0.9784827111710663,0.9808691877445357,1.3506117661965718,1.3350945170027182,46.99346506100599,57.47519681408782
2025-05-16 00:00:00+00:00,2536.297607421875,0.9777663926664217,0.9805889324670669,1.349623022921221,1.3347130519827293,47.111575826561136,57.714482356989706
2025-05-17 00:00:00+00:00,2475.75439453125,0.987059040942989,0.9815449075190351,1.3624497800607898,1.3360142622421818,48.26366351796574,59.125858299583165
2025-05-18 00:00:00+00:00,2498.233642578125,0.986431731458439,0.9798670776942482,1.3615838970347462,1.3337305108230069,47.8293843355144,58.59384047224773
2025-05-19 00:00:00+00:00,2529.166748046875,0.9865215959431698,0.9785951016151937,1.3617079380924522,1.3319991807841773,47.24440456251273,57.87720545854338
2025-05-20 00:00:00+00:00,2524.173095703125,0.9820500851019717,0.9780150161460862,1.355535856474812,1.3312096066606602,47.337869678662756,57.99170578468177
2025-05-21 00:00:00+00:00,2552.34716796875,0.9791882017579797,0.9780998384762074,1.3515855635634006,1.3313250612281797,46.815330825811955,57.35156461184721
2025-05-22 00:00:00+00:00,2664.156982421875,0.9229086177529987,0.9800286642271177,1.273902158955461,1.333950451765949,37.991357894473495,54.944623939748475
2025-05-23 00:00:00+00:00,2526.44189453125,0.9512192334378544,0.9826943771310664,1.3129796512971224,1.3375788445490366,40.06224786936142,57.939627993219375
2025-05-24 00:00:00+00:00,2530.646240234375,0.9470523352115024,0.9818178621353565,1.307228030232383,1.3363857900831972,39.54512394787067,57.384974251670954
2025-05-25 00:00:00+00:00,2551.763916015625,0.9471155501324122,0.9564722219234731,1.3073152865681419,1.3018869744413073,39.217859697044354,52.908139810228164
2025-05-26 00:00:00+00:00,2564.138427734375,0.9472149181569239,0.9563036829456054,1.3074524454791343,1.3016575702882724,39.02859461714218,52.65280554706304
2025-05-27 00:00:00+00:00,2663.06982421875,0.9456755248090777,0.9494741947127711,1.3053276018363502,1.2923617208442113,37.57870647182134,50.696786394197105
2025-05-28 00:00:00+00:00,2682.212890625,0.9452061239709417,0.9490982411891418,1.304679682064431,1.2918499976763143,37.31050566048177,50.334961293766156
2025-05-29 00:00:00+00:00,2632.65478515625,0.9509832764778787,0.9478411765552264,1.312653956992235,1.2901389641142165,39.83087729476376,53.1005102865027
2025-05-30 00:00:00+00:00,2529.943603515625,0.9671814095736194,0.9512941595221708,1.3350124400801398,1.2948389370403433,40.76917012242719,55.25629595289776
2025-05-31 00:00:00+00:00,2529.08740234375,0.9670944764498228,0.9112894886162195,1.3348924452161208,1.2403872145799326,40.78297218051456,55.27500250503372
2025-06-01 00:00:00+00:00,2536.266357421875,0.966978380101436,0.8588389475254354,1.334732195993162,1.1689949935793382,40.667535123054265,55.11854545202519
2025-06-02 00:00:00+00:00,2607.097412109375,0.9666245405335291,0.8601598566585222,1.3342437868692143,1.1707929280675222,39.562657188333645,53.62105453010023
2025-06-03 00:00:00+00:00,2593.2802734375,0.9641290208487574,0.8581155077017619,1.3307991902396081,1.1680102949528182,39.77344918262683,53.90675043183649
2025-06-04 00:00:00+00:00,2608.64306640625,0.9641491823422722,0.8571517609341055,1.3308270193980127,1.1666985063459847,39.539215809224935,53.58928337121509
2025-06-05 00:00:00+00:00,2416.28564453125,1.0096960348754278,0.8686520727342615,1.3936959022532616,1.1823519731079652,41.22298477959113,57.855457949020646
2025-06-06 00:00:00+00:00,2477.19482421875,1.0098171388767039,0.8681791629736821,1.3938630636013258,1.1817082794979759,39.370966009270106,56.43290997271004
2025-06-07 00:00:00+00:00,2526.50537109375,0.6846238981357253,0.8506579764222355,0.9449948186972278,1.1578595946901598,23.69668415894531,55.331492305310704
2025-06-08 00:00:00+00:00,2510.787109375,0.6528353302737407,0.8351651444687493,0.9011166660280301,1.1367717725295852,18.500865017584285,55.67788363179811
2025-06-09 00:00:00+00:00,2681.51708984375,0.5982234283648348,0.8432411393315301,0.8257351836058576,1.147764284676321,16.41176295994699,52.13291872331336
2025-06-10 00:00:00+00:00,2813.517578125,0.6104740520000096,0.8477221405694969,0.8426448706509261,1.1538635283453453,17.06546624450459,51.11070925033373
2025-06-11 00:00:00+00:00,2773.529296875,0.6129834138198017,0.8465504621746165,0.8461085737503906,1.1522687169064292,19.215992498839825,53.752094120828396
2025-06-12 00:00:00+00:00,2651.795166015625,0.5812840336800298,0.8513568188620972,0.80235352799524,1.1588108129783532,20.09812780680982,56.219654414899686
2025-06-13 00:00:00+00:00,2579.486083984375,0.5819360774816986,0.853511521438766,0.8032535521045627,1.1617436521701898,20.661525756998557,57.79562399585446
2025-06-14 00:00:00+00:00,2533.444091796875,0.57900977651576,0.8525193316695967,0.7992143427543036,1.1603931488235713,21.03702163257986,58.84598294283302
2025-06-15 00:00:00+00:00,2546.837158203125,0.5790391434522016,0.851841249734544,0.7992548782992268,1.1594701883667857,20.92639413258153,58.536529252495605
2025-06-16 00:00:00+00:00,2540.60498046875,0.5724354298004379,0.8519387905749043,0.7901396908188159,1.1596029545325253,20.97772718458152,58.68012105722696
2025-06-17 00:00:00+00:00,2510.761474609375,0.573480651273891,0.8434393462013728,0.7915824229225211,1.1480340708093402,20.8782235142301,59.377606881471834
2025-06-18 00:00:00+00:00,2524.301513671875,0.5721907454447249,0.8395232967602563,0.7898019499818473,1.142703802306189,19.41213239777905,59.05911279023175
2025-06-19 00:00:00+00:00,2521.653564453125,0.5721521016163692,0.8392043082011557,0.7897486094284862,1.142269616095058,19.432516776323975,59.12112984672891
2025-06-20 00:00:00+00:00,2407.30419921875,0.5923713074908031,0.8449450572242599,0.8176574289154225,1.150083545454853,21.02580261610224,61.92944284352695
2025-06-21 00:00:00+00:00,2300.49560546875,0.58734734225734,0.8500847236222792,0.8107227876797517,1.157079320745743,28.464166285500212,64.80473488325694
2025-06-22 00:00:00+00:00,2228.213134765625,0.5708371710515702,0.8500224112972496,0.7879335945362725,1.1569945053141564,34.15059296501793,66.90697828068468
2025-06-23 00:00:00+00:00,2421.824951171875,0.6525595653425788,0.8670279861349351,0.9007360242890605,1.1801413734265906,31.420437619930652,61.558126957260704
2025-06-24 00:00:00+00:00,2448.0087890625,0.653056161254899,0.8648566626322511,0.9014214817576162,1.1771859109252774,31.084365442098388,60.89970284362969
2025-06-25 00:00:00+00:00,2419.310302734375,0.6538027277053878,0.8652784113785248,0.9024519766460452,1.1777599675331698,31.453096247588803,61.622110914834714
2025-06-26 00:00:00+00:00,2416.146728515625,0.6377270108395539,0.8576688357038603,0.8802624661915838,1.1674023144567967,31.4942792615235,61.70279563447295
2025-06-27 00:00:00+00:00,2423.866943359375,0.6370992030302547,0.8538652567901204,0.879395895321737,1.1622251334257578,31.393967401207014,61.50626717400477
2025-06-28 00:00:00+00:00,2437.109375,0.635172131138032,0.8532742311334675,0.8767359341980215,1.1614206682397124,31.22338315435166,61.17206283058182
2025-06-29 00:00:00+00:00,2500.9599609375,0.6280831247779749,0.8543535887919192,0.8669508912011183,1.1628898187744514,30.426236722383553,59.61031369595191
2025-06-30 00:00:00+00:00,2486.46435546875,0.6284232559300591,0.850591260235035,0.8674203784294671,1.15776878501152,30.60361578774454,59.95783027599234
2025-07-01 00:00:00+00:00,2405.792724609375,0.6383562990195343,0.8445526159902774,0.881131080435358,1.149549380301862,31.629823727662533,61.968350925454885
2025-07-02 00:00:00+00:00,2571.33544921875,0.6766340286786471,0.8544220782057422,0.9339663032458007,1.1629830420523464,29.593493850756587,57.9788249167552
2025-07-03 00:00:00+00:00,2591.00732421875,0.676831554828964,0.8543798195946001,0.934238951029664,1.16292552241493,29.368809224663956,57.538628478193154
2025-07-04 00:00:00+00:00,2508.518310546875,0.6858286022284973,0.8573534891900012,0.9466576866292893,1.1669730855577043,30.334560240103762,59.43070344979815
2025-07-05 00:00:00+00:00,2517.280029296875,0.633176927188372,0.8144388386212595,0.8739819295542938,1.1085604904947866,30.228976879438495,59.223847199130155
2025-07-06 00:00:00+00:00,2571.236572265625,0.6315624582273213,0.8140227810568955,0.8717534581157492,1.1079941803487647,29.594631869146586,57.98105449361148
2025-07-07 00:00:00+00:00,2543.01318359375,0.6295786209101951,0.805741723188898,0.8690151429752357,1.0967225499492326,29.92308506130173,58.624551683140716
2025-07-08 00:00:00+00:00,2615.505859375,0.6363682021198503,0.7653106054955524,0.8783868857404529,1.0416903762168714,29.09372178690935,53.63074240239437
2025-07-09 00:00:00+00:00,2770.777587890625,0.6257037341740108,0.7490187097537693,0.8636665889754354,1.0195149210713688,27.463337417355817,49.539430642328185
2025-07-10 00:00:00+00:00,2954.84521484375,0.6447740857042662,0.7571592621593042,0.8899896306277929,1.030595304692139,29.729838257245323,49.245161094157616
2025-07-11 00:00:00+00:00,2957.88623046875,0.6420845071599975,0.7526644948911891,0.8862771721586478,1.0244773236098068,31.15264229249436,50.64790134160351
2025-07-12 00:00:00+00:00,2942.91162109375,0.6205589434511555,0.7495689915820363,0.856565170825092,1.020263928442489,31.311158316552135,50.90561636532963
2025-07-13 00:00:00+00:00,2973.35888671875,0.6105103214603688,0.7493776191530568,0.8426949338348285,1.020003444900108,30.990531311669265,50.384341644607986
2025-07-14 00:00:00+00:00,3013.350830078125,0.6053572210056481,0.7472126087588313,0.8355820456590028,1.0170565753861103,31.967874088984686,51.104297808783095
2025-07-15 00:00:00+00:00,3139.8896484375,0.6180107588684769,0.7497593637014199,0.8530478801867245,1.0205230504293503,32.668213359657905,50.97080022156929
2025-07-16 00:00:00+00:00,3371.5068359375,0.6584280277778259,0.7611233321760716,0.908836335438188,1.035990935639188,38.734064452704665,55.77929254323703
2025-07-17 00:00:00+00:00,3476.784423828125,0.6575937115727218,0.7623378993982961,0.9076847184801393,1.0376441245242949,40.4110158979318,56.940111758315425
2025-07-18 00:00:00+00:00,3549.016357421875,0.6579931210032813,0.7625949134094532,0.9082360282480941,1.0379939550637551,43.904385643826956,60.0970703879149
2025-07-19 00:00:00+00:00,3595.273681640625,0.6563138771249178,0.7608797902956086,0.9059181471914969,1.0356594424764611,43.33950530892439,59.32385257038778
2025-07-20 00:00:00+00:00,3759.471435546875,0.6317528009326869,0.7636651682344681,0.8720161905018625,1.0394507154213302,45.29140104793914,60.577619872204295
2025-07-21 00:00:00+00:00,3763.371337890625,0.5964748557419715,0.7350632808211858,0.8233216072273215,1.0005197106160821,46.237416856522465,56.652032865364376
2025-07-22 00:00:00+00:00,3749.1455078125,0.5756626872228423,0.7350496787019241,0.7945943140814261,1.0005011963074744,44.41942499918601,56.86699443232507
2025-07-23 00:00:00+00:00,3629.70361328125,0.5447854554238366,0.7381245557244629,0.7519740898309589,1.0046865163323484,40.72986923083236,58.42416823644643
2025-07-24 00:00:00+00:00,3708.005615234375,0.5452946984413302,0.7385776730118818,0.7526770042549216,1.005303269731834,39.86977606188995,57.19042432932703
2025-07-25 00:00:00+00:00,3727.266845703125,0.5382721159888791,0.7382793865818756,0.7429836469977306,1.0048972618949346,39.66374280018484,56.894883926878336
2025-07-26 00:00:00+00:00,3741.39599609375,0.5366328810993145,0.7366497323261983,0.7407209908423079,1.0026790838865418,39.513955130645456,56.680023919464176
2025-07-27 00:00:00+00:00,3875.24658203125,0.5395944750559145,0.7385385676704344,0.7448089155432904,1.0052500421173831,38.66954030772992,55.242694989797144
2025-07-28 00:00:00+00:00,3787.42578125,0.5552897947932064,0.7411189225482617,0.76647335914499,1.0087622511788485,41.248558655749235,58.20600277336293
2025-07-29 00:00:00+00:00,3793.454833984375,0.5557908675729686,0.7408712803487643,0.7671649960889456,1.008425176931988,41.18300107137402,57.66080698592244
2025-07-30 00:00:00+00:00,3808.20166015625,0.5523814710500147,0.7401979241023752,0.7624589639772283,1.007508648771275,41.023524601314726,57.437522093620665
2025-07-31 00:00:00+00:00,3696.707763671875,0.5490795573972869,0.7440465739192335,0.7579012917982259,1.0127471773462895,42.26080731277798,59.16985625472412
2025-08-01 00:00:00+00:00,3488.365966796875,0.5674249349369698,0.7549832549065966,0.7832236429011491,1.0276334669788674,41.99379396371043,62.70376132382564
2025-08-02 00:00:00+00:00,3392.7412109375,0.582724431080107,0.757086837727262,0.8043417263091528,1.03049672532669,43.177393314714,64.47107320977949
2025-08-03 00:00:00+00:00,3497.379150390625,0.5676185367783657,0.758504001898833,0.783490873912961,1.0324256758318107,41.50678538931042,62.54216588663456
2025-08-04 00:00:00+00:00,3718.986083984375,0.5946791315520297,0.7663101636309108,0.8208429469586321,1.043050908898106,38.59334822953401,57.86428540152421
2025-08-05 00:00:00+00:00,3611.8994140625,0.6118647552387589,0.7697497165974285,0.8445644755004533,1.0477326017924435,39.39059126666009,59.00483225341583
2025-08-06 00:00:00+00:00,3683.920654296875,0.6068097415990422,0.6412659494953951,0.8375869777663192,0.872848962745505,38.415983629236514,49.51167178363479
2025-08-07 00:00:00+00:00,3914.325927734375,0.6290261712476927,0.641103854078659,0.8682525898857548,0.8726283291433697,34.455615169113806,46.597312967771195
2025-08-08 00:00:00+00:00,4009.848876953125,0.6088199965529664,0.6125986570370032,0.8403617574970469,0.8338289329018511,32.70898966357311,48.684285110739
2025-08-09 00:00:00+00:00,4263.59912109375,0.6054224679797303,0.6197360578504306,0.8356721068628422,0.8435438926648032,33.2246908473358,51.765650833941166
2025-08-10 00:00:00+00:00,4254.2177734375,0.6063153332658483,0.6195103450208632,0.8369045398402386,0.8432366672315469,33.496565563724786,52.0784118426589
2025-08-11 00:00:00+00:00,4226.966796875,0.6068275674179493,0.6047233642937787,0.8376115829642273,0.8231096032576533,33.77649989118416,53.121102787302696
2025-08-12 00:00:00+00:00,4590.9248046875,0.658575816119974,0.622570773154411,0.9090403295113924,0.8474023203806441,37.02268954950398,54.83369661656287
2025-08-13 00:00:00+00:00,4756.27587890625,0.6625349959668023,0.6220757309142297,0.9145052343324647,0.8467285014975466,38.90223474268629,56.09404535721871
2025-08-14 00:00:00+00:00,4548.16650390625,0.6870905468304154,0.6301733814654996,0.9483995643427943,0.8577504899407398,37.071509434873796,58.746098214156305
2025-08-15 00:00:00+00:00,4439.98876953125,0.6623929875321664,0.6301561449756499,0.9143092183369558,0.857727028766326,33.16568601434693,60.17741260210905
2025-08-16 00:00:00+00:00,4426.18017578125,0.6592290125654079,0.6304726294986865,0.9099419446291341,0.8581578066485369,32.321612228906545,60.365151331791914
2025-08-17 00:00:00+00:00,4473.271484375,0.6578285766314118,0.6304203355324215,0.9080089056202018,0.8580866275468736,31.981354093214254,59.729671464405556
2025-08-18 00:00:00+00:00,4312.5048828125,0.6753479165180118,0.6360639635643897,0.9321910667526351,0.8657683622120326,33.17359242120423,61.95634402587859
2025-08-19 00:00:00+00:00,4073.464111328125,0.6936987298319889,0.6480902789350811,0.9575209209219245,0.8821377903802028,35.120299427464666,65.59209283071307
2025-08-20 00:00:00+00:00,4334.50048828125,0.7252405973407089,0.654227612324655,1.0010585500478446,0.8904915242519736,33.00525162787622,61.641943946062305
2025-08-21 00:00:00+00:00,4223.2099609375,0.7327149766477128,0.6468760468413837,1.0113755280810832,0.8804850576499681,33.875009914287375,63.26633972834736
2025-08-22 00:00:00+00:00,4831.3486328125,0.8668301524275986,0.7037160385377522,1.19649636094388,0.9578519096303019,31.59136668660346,57.28310749639045
2025-08-23 00:00:00+00:00,4776.09033203125,0.8691865563245263,0.7047877499214215,1.1997489343340557,0.9593106525595566,31.956871758974376,57.94586028447979
2025-08-24 00:00:00+00:00,4779.6474609375,0.8695986183712769,0.7049030306730358,1.2003177086643433,0.9594675651237592,33.3872729809971,59.35691987449224
2025-08-25 00:00:00+00:00,4372.98779296875,0.929841243979791,0.7262809418407664,1.2834713485238105,0.9885657693915865,36.49207408898668,64.87673069276617
2025-08-26 00:00:00+00:00,4600.4267578125,0.938000349311394,0.7321098807076921,1.2947334623421647,0.9964997369566919,34.687954603396385,61.669311631881975
2025-08-27 00:00:00+00:00,4503.39306640625,0.9373941125899862,0.7324980078614887,1.2938966663112426,0.9970280300679529,35.43536888255589,62.99808770491955
2025-08-28 00:00:00+00:00,4507.177734375,0.9374515664654933,0.7266722090753994,1.2939759706049083,0.9890983365740081,35.405613875437396,62.94518833891254
2025-08-29 00:00:00+00:00,4360.15283203125,0.9475220332375565,0.7309300456802699,1.3078763602164547,0.9948938232469329,36.59949563210776,65.06770801311997
2025-08-30 00:00:00+00:00,4374.1533203125,0.9391753920301089,0.7309221931202243,1.2963553883134276,0.994883134859539,36.48235049059718,64.85944378074954
2025-08-31 00:00:00+00:00,4390.01904296875,0.9113259158699193,0.7296766017253373,1.257914412550712,0.99318771791453,36.35050166509857,64.6250388871507
2025-09-01 00:00:00+00:00,4314.47021484375,0.9069123735285525,0.7308606039974658,1.2518223455690456,0.9947993038032379,36.98701963041115,65.75666008566058
2025-09-02 00:00:00+00:00,4325.36572265625,0.9037427061255588,0.7309013879275323,1.2474472145212119,0.9948548162019287,33.804724785623144,65.59102040346345
2025-09-03 00:00:00+00:00,4450.38916015625,0.8850498097143888,0.7138084549300511,1.221645178829642,0.9715890419176868,31.59525528677322,63.74839169283497
2025-09-04 00:00:00+00:00,4298.744140625,0.8879252699194294,0.7177447902475356,1.2256142120499736,0.9769469222192816,32.25679215904718,65.99721734681778
2025-09-05 00:00:00+00:00,4306.98876953125,0.8868020528972028,0.7173144562854274,1.2240638217273934,0.9763611799812042,30.26167499157948,65.87088254656965
2025-09-06 00:00:00+00:00,4274.2421875,0.8642085662603274,0.7174213433411873,1.1928777531921118,0.9765066675996009,25.063853378614265,66.3755442302455
2025-09-07 00:00:00+00:00,4305.34765625,0.861152863414241,0.706450518058903,1.1886599288291395,0.9615739030022615,21.973223933897614,65.89599122276167
2025-09-08 00:00:00+00:00,4308.072265625,0.8335373306150523,0.7009953990558636,1.1505418679757873,0.9541487544079802,20.630290474867085,65.85431577620682
2025-09-09 00:00:00+00:00,4309.04150390625,0.8334543694661871,0.6999412499210995,1.1504273556778026,0.9527139160549039,20.625650076935568,65.83950307974568
2025-09-10 00:00:00+00:00,4349.14599609375,0.8334237223617746,0.692689491969131,1.150385053101225,0.9428433008890152,20.435456134695983,65.23238162664613
2025-09-11 00:00:00+00:00,4461.2333984375,0.7816088940807614,0.6904278197815835,1.0788644059392163,0.9397648617101931,19.922020277551642,63.59343392940442
2025-09-12 00:00:00+00:00,4715.24609375,0.7970534921030547,0.6959108022359942,1.1001827752623905,0.9472279361987889,18.848810954823243,60.167623433957175
2025-09-13 00:00:00+00:00,4668.1796875,0.7820005708244521,0.6967948138313155,1.0794050421840213,0.9484311945421303,19.03885201003469,60.774256853665186
2025-09-14 00:00:00+00:00,4609.59765625,0.7783739468617792,0.6976766491151284,1.0743991683554543,0.949631490633626,19.280811223525642,61.54661914636327
2025-09-15 00:00:00+00:00,4526.8203125,0.7813249068560917,0.6984831906416982,1.0784724148670088,0.9507293018232448,19.633379743645943,62.67205936665672
2025-09-16 00:00:00+00:00,4503.564453125,0.7809485639148047,0.6989177650132372,1.0779529440589668,0.951320815827274,19.734764129975172,62.995690262704244
2025-09-17 00:00:00+00:00,4592.7333984375,0.771907272307409,0.6991818711449842,1.0654731376330073,0.9516802996940402,19.35160927407617,61.77261485800748
2025-09-18 00:00:00+00:00,4589.9189453125,0.742940357337987,0.6911165468891984,1.0254897472864433,0.9407023116745479,19.363475321787284,61.810492679162486
2025-09-19 00:00:00+00:00,4470.9169921875,0.7183097090179706,0.6863860301113391,0.9914917593299162,0.9342634438911365,16.729365720600082,63.45569641819232
2025-09-20 00:00:00+00:00,4482.265625,0.7114891110099298,0.6817720530497726,0.9820772036949661,0.927983202291705,16.60456573649626,61.627643883011174
2025-09-21 00:00:00+00:00,4451.3291015625,0.4962656111247476,0.6634114354824785,0.6850015497377916,0.9029919392882814,16.455430161418168,57.855514537551436
2025-09-22 00:00:00+00:00,4202.87744140625,0.529470715216536,0.6754528235173897,0.7308349648529932,0.9193818833739743,20.493963805721364,61.27562345969959
2025-09-23 00:00:00+00:00,4165.50390625,0.5294791399597298,0.675161388566723,0.7308465936300322,0.9189852013193646,16.89959690313578,61.82539768129044
2025-09-24 00:00:00+00:00,4153.46923828125,0.4418076033685553,0.6752454373766101,0.6098324893145272,0.9190996030221021,16.42033762015352,62.00453663488435
2025-09-25 00:00:00+00:00,3868.333984375,0.4581791473858169,0.6920415885804146,0.6324303336382711,0.9419614174812881,24.15382409356418,66.57489673515983
2025-09-26 00:00:00+00:00,4035.887939453125,0.48485669384887525,0.6961419667703268,0.6692536803718477,0.9475425821334038,23.151053744671298,63.81097280460458
2025-09-27 00:00:00+00:00,4018.658203125,0.4846306555315846,0.6952673651248412,0.6689416768919102,0.9463521319938349,23.250312385634782,64.0845582106512
2025-09-28 00:00:00+00:00,4141.4765625,0.48695712433805444,0.6966074669540872,0.67215293050716,0.9481761903155829,22.56080824886957,62.18408619736696
2025-09-29 00:00:00+00:00,4217.341796875,0.4915857519448023,0.6925084857756972,0.6785418823359911,0.9425969271835136,22.15496468960241,61.06546444438167
2025-09-30 00:00:00+00:00,4145.95751953125,0.49442626972005443,0.6825234459116655,0.6824626840890997,0.9290059487522548,22.53642449387999,59.76853394349093
