date,finbert_score_100,reddit_score_100,cryptobert_score_100,finbert_max,finbert_min,reddit_max,reddit_min,cryptobert_max,cryptobert_min
2024-09-29,50.26,92.8,53.4,50.26,50.26,92.8,92.8,53.4,53.4
2024-10-06,94.3,99.79,84.01,94.3,94.3,99.79,99.79,84.01,84.01
2024-10-13,,,,,,,,,
2024-10-20,33.685,31.674999999999997,63.1825,65.0,4.53,99.77,0.06,85.24,11.38
2024-10-27,33.3775,53.442499999999995,66.1875,62.09,6.89,99.88,0.12,88.16,35.82
2024-11-03,46.35833333333333,60.77,63.12,74.19,1.84,99.64,2.22,79.06,22.86
2024-11-10,44.835,72.42,72.52000000000001,51.76,26.73,99.45,32.7,81.84,61.31
2024-11-17,36.25333333333334,43.14833333333333,69.15833333333335,56.7,1.84,99.66,0.41,81.06,58.61
2024-11-24,51.13999999999999,75.43,75.83076923076922,73.41,32.42,99.68,0.54,86.5,64.59
2024-12-01,52.93125,67.540625,78.13375,91.4,15.35,99.88,0.06,88.91,65.18
2024-12-08,61.074999999999996,94.135,81.74166666666666,83.21,43.35,99.9,68.76,85.32,75.55
2024-12-15,50.626999999999995,58.251999999999995,68.15599999999999,68.77,34.6,99.86,0.07,82.36,21.11
2024-12-22,60.36,78.704,82.342,91.64,21.35,99.8,0.08,94.83,75.46
2024-12-29,57.699999999999996,54.51111111111111,72.17444444444445,93.63,41.46,99.85,0.38,86.4,57.57
2025-01-05,46.82666666666666,32.74,45.34666666666667,52.06,37.91,97.78,0.2,67.39,1.81
2025-01-12,29.494444444444444,29.047777777777778,61.583333333333336,50.98,1.71,99.72,0.08,88.21,6.7
2025-01-19,51.51541666666666,61.67666666666667,74.37083333333334,93.89,4.54,99.89,0.1,86.27,59.51
2025-01-26,41.223,62.033,70.295,54.72,1.94,99.83,0.3,84.76,46.85
2025-02-02,49.28,56.370625000000004,69.66625,88.51,2.29,99.72,0.18,87.03,40.42
2025-02-09,53.67,60.86785714285714,73.10071428571429,95.81,1.58,99.83,0.06,89.46,43.23
2025-02-16,43.334117647058825,22.58764705882353,56.851176470588236,96.54,5.61,99.78,0.06,86.73,0.42
2025-02-23,40.54615384615385,40.324615384615385,72.49307692307693,63.16,2.14,99.83,0.05,87.88,47.55
2025-03-02,44.166363636363634,45.95545454545454,64.38181818181819,94.59,2.83,99.58,0.1,90.91,5.3
2025-03-09,30.8025,46.02125,63.02625,81.77,1.72,99.91,0.07,83.95,7.19
2025-03-16,49.18090909090909,39.95818181818182,62.46181818181819,62.51,34.58,99.89,0.11,86.45,1.31
2025-03-23,40.10666666666667,44.12133333333333,63.98133333333333,61.77,2.17,99.84,0.15,86.39,18.98
2025-03-30,50.80866666666667,46.535999999999994,64.36533333333333,95.49,11.7,99.86,0.08,87.78,0.28
2025-04-06,48.928125,63.730000000000004,70.38375,73.42,1.74,99.89,0.06,93.42,8.56
2025-04-13,37.294444444444444,55.53666666666666,58.87555555555556,54.76,1.99,99.85,0.12,75.71,6.28
2025-04-20,48.783,85.569,70.905,58.51,2.33,99.82,0.85,89.48,19.31
2025-04-27,58.93,63.531666666666666,77.14999999999999,88.63,46.28,99.8,0.81,88.22,66.31
2025-05-04,57.78433333333333,63.43066666666667,78.209,95.53,19.85,99.91,0.14,92.61,63.11
2025-05-11,62.34909090909091,85.80090909090909,77.6590909090909,93.17,4.69,99.88,0.53,89.33,67.91
2025-05-18,53.42999999999999,83.072,61.98,62.86,49.11,99.86,40.73,84.02,2.69
2025-05-25,56.32846153846154,75.02,64.69538461538461,94.93,13.31,99.85,0.13,83.63,1.33
2025-06-01,59.15555555555555,66.61444444444444,79.32,95.51,37.6,99.89,0.09,90.66,64.37
2025-06-08,47.95461538461538,62.19615384615384,61.45230769230769,90.57,5.05,99.92,0.57,85.15,6.36
2025-06-15,50.99333333333333,53.58555555555555,75.62222222222222,67.39,13.47,99.83,0.18,88.07,68.32
2025-06-22,50.345,99.13499999999999,81.88499999999999,50.39,50.3,99.55,98.72,84.24,79.53
2025-06-29,59.24,66.9675,71.86125,87.77,46.83,99.91,0.11,79.78,64.03
2025-07-06,57.46,87.02105263157895,73.27052631578948,96.53,29.57,99.89,0.12,87.07,17.81
2025-07-13,57.7596875,71.5484375,72.4115625,96.01,25.63,99.88,0.08,91.47,12.81
2025-07-20,50.1365,57.0245,71.315,96.9,3.16,99.9,0.1,85.61,54.75
2025-07-27,50.004,60.8016,71.05239999999999,96.23,2.97,99.91,0.22,94.16,6.44
2025-08-03,57.00689655172414,82.86137931034483,71.14827586206897,95.45,39.25,99.89,0.13,92.81,23.66
2025-08-10,51.67472222222222,57.076666666666675,67.86194444444445,95.91,15.86,99.86,0.11,92.37,1.03
2025-08-17,57.21,69.8484375,69.084375,96.42,28.34,99.91,0.08,86.94,4.02
2025-08-24,61.216842105263154,72.78947368421052,72.4042105263158,92.73,49.71,99.88,0.34,90.53,24.93
2025-08-31,53.59615384615385,60.68846153846154,70.02923076923076,91.73,39.76,99.74,0.07,81.49,24.57
2025-09-07,53.597692307692306,61.95692307692308,61.051538461538456,96.01,3.94,99.81,0.05,83.95,0.94
2025-09-14,52.3475,50.65083333333333,74.75083333333333,59.21,49.61,99.79,0.16,86.2,54.92
2025-09-21,39.43538461538461,54.38,69.78076923076922,74.87,1.87,99.81,0.12,85.96,46.54
2025-09-28,,,,,,,,,
