date,volatility_score,momentum_score,reddit_score_100,Greed_Fear_Normalized,fear_greed_index
2024-09-29,87.3972602739726,34.80875298137981,92.8,33.00709158626905,62.00327621040536
2024-10-06,97.02544031311156,28.44878403561125,99.79,39.603590938415785,66.21695382178466
2024-10-13,94.7945205479452,52.34164167485348,65.7325,42.21629787807914,63.77124002521945
2024-10-20,94.59882583170256,48.89154051735255,31.675,39.20286901515453,53.59205884105241
2024-10-27,92.21135029354208,39.03511834826492,53.4425,35.575821863584764,55.06619762634794
2024-11-03,72.4853228962818,52.67680687011421,60.77,42.68853325226086,57.155165754664225
2024-11-10,44.38356164383561,76.36161376518918,72.42,43.62063783086573,59.19645330997264
2024-11-17,37.3385518590998,50.55020768041816,43.14833333333333,67.43959221234017,49.61917127129787
2024-11-24,32.87671232876712,53.94192495457238,75.43,62.98316511210717,56.30795059886167
2024-12-01,34.87279843444227,60.10275567987318,67.540625,61.60808285981394,56.031065493532346
2024-12-08,42.27005870841487,48.72244546619787,94.135,89.94462000875463,68.76803104584184
2024-12-15,42.348336594911935,37.290591931968265,58.252,38.59481127205085,44.12143494973276
2024-12-22,48.18003913894324,21.21811147348247,78.704,44.81297594081204,48.228781638309435
2024-12-29,66.53620352250489,33.60920768830641,54.51111111111111,43.57217646765746,49.55717469739497
2025-01-05,72.4853228962818,42.50262415079736,32.74,43.00726130507019,47.68380208803734
2025-01-12,66.57534246575342,37.31010950461638,29.04777777777777,44.349576998784286,44.32070168673296
2025-01-19,66.65362035225048,42.86849754218067,61.67666666666667,72.92892756682853,61.03192803198159
2025-01-26,66.22309197651664,34.13563905987968,62.033,12.868121876934095,43.8149632283326
2025-02-02,50.09784735812133,24.483530107534563,56.370625,27.00356397540912,39.48889161026625
2025-02-09,59.92172211350294,21.052763171356577,60.86785714285714,41.64049129911605,45.87070843170818
2025-02-16,82.73972602739727,37.96874912089412,22.58764705882353,34.19198340044676,44.372026401890416
2025-02-23,52.01565557729941,33.13234559945461,40.324615384615385,29.20898513044377,38.67040042295329
2025-03-02,17.02544031311154,26.07199150645545,45.95545454545454,36.47530054563211,31.38204672766341
2025-03-09,3.874755381604698,22.565463618238518,46.02125,35.674654516513385,27.03403087908915
2025-03-16,2.270058708414873,27.939529623619755,39.95818181818182,41.29813092775541,27.866475269492966
2025-03-23,7.9843444227005875,43.17597306403236,44.12133333333333,38.43492141144823,33.42914305787863
2025-03-30,38.35616438356164,32.69986699038979,46.536,44.99730802551222,40.64733484986591
2025-04-06,28.767123287671232,26.59249077094004,63.73,34.124894209674515,38.303627067071446
2025-04-13,22.622309197651663,29.564525957919948,55.53666666666666,40.80575670819954,37.13231463260945
2025-04-20,15.107632093933464,51.18454836070013,85.569,41.536141363471664,48.34933045452632
2025-04-27,20.273972602739725,57.29260567279449,63.531666666666666,37.66163084876511,44.6899689477415
2025-05-04,19.726027397260275,66.54003003732046,63.43066666666667,59.39267799801162,52.272350524814755
2025-05-11,8.258317025440315,81.9626374464337,85.80090909090909,47.28142298810134,55.825821637721106
2025-05-18,10.371819960861057,50.55232991049486,83.072,38.58904522808718,45.646298774860774
2025-05-25,13.268101761252447,41.31505907966198,75.02,35.49362249471065,41.27419583390627
2025-06-01,13.502935420743638,36.985323262549166,66.61444444444444,45.37398663337779,40.61917244027876
2025-06-08,74.71624266144815,47.26920700928948,62.19615384615384,57.45887983373205,60.41012083765588
2025-06-15,80.78277886497064,35.63557460531145,53.58555555555555,37.57073565192064,51.89366116943957
2025-06-22,65.40117416829746,29.402860212223924,99.135,44.168154339114,59.52679717990884
2025-06-29,60.156555772994125,43.06340374130137,66.9675,56.93414895351937,56.78040211695371
2025-07-06,66.4187866927593,61.28259984443647,87.02105263157895,64.61952643330946,69.83549140052105
2025-07-13,64.81409001956946,83.1999330525067,71.5484375,85.4873603690371,76.26245523527831
2025-07-20,81.91780821917807,76.2069940961895,57.0245,74.41417430760006,72.39086915574191
2025-07-27,84.77495107632093,48.201902734132105,60.8016,0.0,48.44461345261326
2025-08-03,75.30332681017613,41.62886245355526,82.86137931034483,76.20621444698659,68.99994575526571
2025-08-10,60.54794520547945,70.28772340288012,57.07666666666668,100.0,71.97808381875657
2025-08-17,41.83953033268102,50.47046448050928,69.8484375,59.93616818602701,55.52365012480433
2025-08-24,18.94324853228963,42.496772629651005,72.78947368421052,62.99716485840279,49.30666492613849
2025-08-31,24.227005870841484,32.74114651892401,60.68846153846154,78.85616411498435,49.12819451080284
2025-09-07,30.29354207436399,39.10299578455641,61.95692307692308,50.10426828800877,45.364432305963064
2025-09-14,37.22113502935421,48.40439074950965,50.65083333333333,68.29187664613372,51.142058939582725
2025-09-21,93.03326810176124,31.50693472655675,54.38,75.17996640257087,63.52504230772222
2025-09-28,91.324200913242,28.93099164966313,54.38,52.78092150139917,56.85402851607608
